-- ============================================================
-- 销售之星 - 初始测试数据
-- ============================================================
USE sales_star;

-- ===== 销售员 =====
INSERT INTO users (id, name, avatar, role, base_salary, commission, bonus, target, done, xp, streak) VALUES
(1, '张伟',  '张', '金牌销售顾问', 800000, 348000, 100000, 50, 38, 320, 7),
(2, '赵刚',  '赵', '销售主管',     900000, 520000, 200000, 60, 52, 580, 15),
(3, '李娜',  '李', '高级销售顾问', 750000, 390000, 150000, 50, 35, 420, 9),
(4, '王磊',  '王', '销售顾问',     700000, 280000, 50000,  50, 30, 210, 4),
(5, '陈琳',  '陈', '销售顾问',     700000, 260000, 50000,  50, 28, 195, 6),
(6, '刘洋',  '刘', '销售顾问',     650000, 230000, 30000,  40, 25, 160, 3),
(7, '孙婷',  '孙', '初级销售',     600000, 190000, 20000,  40, 22, 120, 2),
(8, '周强',  '周', '初级销售',     600000, 160000, 10000,  40, 18, 90,  1);

-- ===== 商品 =====
INSERT INTO products (id, name, brand, emoji, price, cost, stock, sold, tags, description, specs, selling_points) VALUES
(1, 'iPhone 15 Pro Max', 'Apple', '📱', 999900, 720000, 12, 18,
 '旗舰,5G,热销',
 '苹果最新旗舰，搭载A17 Pro芯片，钛金属机身，专业级三摄系统，适合追求极致体验的用户。',
 '{"屏幕":"6.7英寸 OLED","处理器":"A17 Pro","内存":"8GB","存储":"256GB起","电池":"4422mAh","摄像头":"4800万三摄"}',
 '["强大的A17 Pro芯片，性能业界第一","钛金属机身，轻巧耐用","专业三摄系统，媲美专业相机","超长续航，配合MagSafe充电"]'),

(2, 'iPhone 15', 'Apple', '📱', 599900, 420000, 25, 22,
 '热销,5G',
 '苹果标准旗舰，全新Dynamic Island设计，USB-C接口，4800万像素摄像头，性价比之选。',
 '{"屏幕":"6.1英寸 OLED","处理器":"A16 Bionic","内存":"6GB","存储":"128GB起","电池":"3877mAh","摄像头":"4800万双摄"}',
 '["Dynamic Island交互设计","USB-C统一接口","4800万像素主摄","iOS 17全新功能"]'),

(3, 'Samsung Galaxy S24 Ultra', 'Samsung', '📲', 949900, 680000, 8, 12,
 '旗舰,内置手写笔,5G',
 '三星年度旗舰，内置S Pen手写笔，2亿像素主摄，AI功能强大，专业商务人士首选。',
 '{"屏幕":"6.8英寸 AMOLED","处理器":"Snapdragon 8 Gen 3","内存":"12GB","存储":"256GB起","电池":"5000mAh","摄像头":"2亿像素四摄"}',
 '["内置S Pen，商务必备","2亿像素相机，10倍光学变焦","Galaxy AI智能功能","5000mAh大电池"]'),

(4, 'Huawei Mate 60 Pro', 'Huawei', '📳', 699900, 490000, 15, 20,
 '旗舰,卫星通话,热销',
 '华为旗舰回归，支持卫星通话，麒麟芯片加持，金属后盖，国产高端旗舰代表作。',
 '{"屏幕":"6.82英寸 LTPO OLED","处理器":"麒麟9000S","内存":"12GB","存储":"256GB起","电池":"5000mAh","摄像头":"5000万三摄"}',
 '["全球首款支持卫星通话的大众手机","麒麟9000S强大芯片","徕卡三摄系统","超可靠双向卫星消息"]'),

(5, 'Xiaomi 14 Pro', 'Xiaomi', '📱', 499900, 340000, 30, 35,
 '性价比,徕卡,5G',
 '小米年度旗舰，徕卡光学三摄，骁龙8 Gen3顶级芯片，90W有线快充，极致性价比。',
 '{"屏幕":"6.73英寸 LTPO OLED","处理器":"Snapdragon 8 Gen 3","内存":"12GB","存储":"256GB起","电池":"4880mAh","摄像头":"5000万徕卡三摄"}',
 '["徕卡专业三摄，夜拍无敌","骁龙8 Gen3，性能怪兽","90W超级快充","LTPO屏幕流畅省电"]'),

(6, 'OPPO Find X7 Ultra', 'OPPO', '📱', 599900, 410000, 10, 9,
 '旗舰,哈苏,充电快',
 'OPPO顶级旗舰，搭载哈苏一英寸大底主摄，100W超级闪充，双潜望镜头，影像天花板。',
 '{"屏幕":"6.82英寸 LTPO AMOLED","处理器":"Snapdragon 8 Gen 3","内存":"16GB","存储":"256GB起","电池":"5000mAh","摄像头":"哈苏一英寸主摄"}',
 '["哈苏一英寸大底主摄","双潜望镜头，10倍光学变焦","100W超级闪充","50W无线闪充"]'),

(7, 'Xiaomi Redmi Note 13 Pro', 'Xiaomi', '📱', 199900, 130000, 50, 45,
 '性价比,入门旗舰',
 '2亿像素主摄入门神机，5100mAh超大电池，33W快充，超薄机身，年轻人的第一台好手机。',
 '{"屏幕":"6.67英寸 OLED","处理器":"Snapdragon 7s Gen 2","内存":"8GB","存储":"256GB起","电池":"5100mAh","摄像头":"2亿像素主摄"}',
 '["2亿像素主摄，拍照无敌","5100mAh超大电池","33W快充","超薄轻巧机身"]'),

(8, 'Samsung Galaxy A54', 'Samsung', '📲', 299900, 210000, 20, 16,
 '中端,夜拍',
 '三星中端旗舰，优秀的夜拍能力，5000mAh大电池，IP67防水，颜值与性能并存。',
 '{"屏幕":"6.4英寸 Super AMOLED","处理器":"Exynos 1380","内存":"8GB","存储":"128GB起","电池":"5000mAh","摄像头":"5000万三摄"}',
 '["优秀的夜间拍摄","IP67防水设计","5000mAh大电池","三星One UI流畅体验"]');

-- ===== 客户 =====
INSERT INTO customers (id, user_id, name, phone, age, job, budget, segment, tags, budget_actual, purchased) VALUES
(1, 1, '李明华', '138****1234', 35, '企业高管',    '6000+',     'vip',  '高消费,苹果用户,回头客', 999900, 'iPhone 14 Pro,iPhone 15 Pro Max'),
(2, 1, '王小丽', '139****5678', 28, '设计师',      '4000-6000', 'hot',  '喜欢小米,双购',         999800, 'Xiaomi 14 Pro x2'),
(3, 1, '陈建国', '136****9012', 52, '企业主',      '6000+',     'hot',  '华为粉丝,商务需求',      0,      ''),
(4, 1, '张美玲', '135****3456', 30, '律师',        '6000+',     'warm', '三星用户,S Pen',         0,      'Samsung Galaxy S21'),
(5, 1, '刘强',   '137****7890', 42, '公司采购经理','1000-2000', 'vip',  '批量采购,企业客户',      599700, 'Redmi Note 13 Pro x3,Xiaomi 13 x8'),
(6, 1, '赵雪',   '180****2345', 25, '自媒体博主',  '4000-6000', 'hot',  '摄影,OPPO粉',            0,      ''),
(7, 1, '孙伟',   '188****6789', 22, '大学生',      '4000-6000', 'warm', '首次购机,安卓转苹果',    0,      ''),
(8, 1, '周建伟', '181****0123', 38, '工程师',      '2000-4000', 'cold', '取消订单,需跟进',         0,     ''),
(9, 1, '黄芳',   '150****4567', 45, '医生',        '4000-6000', 'warm', '健康关注,大屏',           0,     'Huawei P30');

-- ===== 拜访记录 =====
INSERT INTO customer_visits (customer_id, type, visit_date, note) VALUES
(1, 'visit', '2024-01-15', '成功推荐iPhone 15 Pro Max，客户非常满意，表示朋友也有购机需求'),
(1, 'call',  '2024-01-05', '回访上次购机体验，客户反馈良好，对钛金属机身非常喜欢'),
(1, 'visit', '2023-12-20', '到店体验iPhone 15系列，重点介绍Pro Max的摄影功能'),
(2, 'visit', '2024-01-18', '为自己和丈夫各买一台小米14 Pro，对徕卡相机非常感兴趣'),
(2, 'wechat','2024-01-10', '发了小米14 Pro的产品介绍，客户表示很感兴趣，约好周末来店'),
(3, 'visit', '2024-01-20', '意向购买Mate 60 Pro，对卫星通话功能特别感兴趣，经常去偏远地区出差'),
(3, 'call',  '2024-01-15', '电话介绍Mate 60 Pro的卫星通话功能，客户听完非常心动'),
(4, 'visit', '2024-01-21', '体验了S24 Ultra的S Pen功能，对法庭笔记应用很感兴趣，但价格有些犹豫'),
(5, 'visit', '2024-01-10', '公司年底员工福利，批量采购3台Redmi Note 13 Pro'),
(6, 'visit', '2024-01-19', '对OPPO Find X7 Ultra的哈苏相机非常感兴趣，做美食博主，拍照要求高'),
(6, 'wechat','2024-01-12', '在朋友圈看到我发的Find X7 Ultra测评，主动来询问'),
(7, 'visit', '2024-01-22', '父母赞助的生日礼物，第一次购买苹果，担心数据迁移问题'),
(8, 'call',  '2024-01-22', '联系询问取消原因，说是暂时资金紧张，表示2月份可能会回来购买'),
(9, 'visit', '2024-01-08', '关注手机健康功能和大屏阅读，Mate 60 Pro很感兴趣，但还在比较中');

-- ===== 订单 =====
INSERT INTO orders (order_no, user_id, customer_id, customer_name, product_id, quantity, amount, commission, status, order_date, note) VALUES
('ORD-20240115-0001', 1, 1, '李明华', 1, 1, 999900, 42000, 'completed',  '2024-01-15', '客户要求黑色钛金属款'),
('ORD-20240118-0002', 1, 2, '王小丽', 5, 2, 999800, 48000, 'processing', '2024-01-18', '夫妻二人同款'),
('ORD-20240120-0003', 1, 3, '陈建国', 4, 1, 699900, 31500, 'pending',    '2024-01-20', '需要卫星通话功能'),
('ORD-20240121-0004', 1, 4, '张美玲', 3, 1, 949900, 40500, 'pending',    '2024-01-21', '商务使用，需要S Pen'),
('ORD-20240110-0005', 1, 5, '刘强',   7, 3, 599700, 21000, 'completed',  '2024-01-10', '公司采购'),
('ORD-20240119-0006', 1, 6, '赵雪',   6, 1, 599900, 28500, 'processing', '2024-01-19', '摄影爱好者，特别看重拍照'),
('ORD-20240122-0007', 1, 7, '孙伟',   2, 1, 599900, 27000, 'pending',    '2024-01-22', '从安卓换苹果，需要数据迁移帮助'),
('ORD-20240112-0008', 1, 8, '周建伟', 8, 2, 599800, 18000, 'cancelled',  '2024-01-12', '客户临时取消');

-- ===== 今日任务 =====
INSERT INTO tasks (user_id, content, done, xp, task_date) VALUES
(1, '回访李明华，询问iPhone 15使用体验',        1, 10, CURDATE()),
(1, '跟进陈建国，推进Mate 60 Pro订单',          1, 15, CURDATE()),
(1, '联系孙伟，协助iPhone数据迁移',              0, 10, CURDATE()),
(1, '完成今日每日一练',                          0, 20, CURDATE());

-- ===== 销售技巧 =====
INSERT INTO sales_tips (category, icon, title, content, sort_order) VALUES
('open',      '👋', '黄金开场30秒',        '见到客户前3句话决定成败。先问候，再表明来意，最后留一个开放式问题。例如："您好！我是这里的手机顾问张伟，看您在看手机，请问是自己用还是送人呢？" 避免直接问"要买什么手机"，这会让客户有压力。', 1),
('open',      '🎯', '快速找到购机动机',    '用SPIN提问找需求：状况问题（现在用什么手机）→ 难点问题（有什么不满意）→ 暗示问题（这些问题对您有什么影响）→ 需求问题（如果有款手机能解决这些问题，您有兴趣了解吗？）。5分钟内完成，精准定位客户需求。', 2),
('objection', '💡', '"价格太贵了"异议处理', '先同理，再转化。\n1. "我理解您对价格的关注，这很正常"\n2. "我们来算一笔账：这款手机用3年，每天只需X元，比一杯咖啡还便宜"\n3. "更重要的是，它每天帮您提升工作效率/拍出美好时刻，您觉得这个价值值得吗？"\n把价格分摊到每天使用成本，降低心理压力。', 3),
('objection', '🔄', '"我再考虑考虑"的破解', '"考虑"背后通常是"不确定"或"想比较"。应对方法：\n1. 微笑问："您主要还有什么顾虑呢？"\n2. 找出真实异议后针对性解决\n3. 创造紧迫感："这款颜色只剩2台了"\n4. 提供体验："您先带回家用3天，不满意随时换"\n记住：客户离开了就很少回来！', 4),
('close',     '🤝', '二选一成交法',        '不要问"您买不买"，而是让客户在两个选项中选一个，默认成交。\n例如：\n- "您是选128GB还是256GB的呢？"\n- "今天付款您是微信还是银行卡更方便？"\n- "您是要这个曜石黑还是钛金属银的？"\n让客户的注意力集中在选哪个，而不是买不买。', 5),
('close',     '⚡', '从众效应成交法',      '利用社会认同心理促成成交。\n"这款iPhone 15 Pro Max是我们这个月卖得最好的型号，很多像您这样的[职业/年龄]都在用，特别是[用户痛点]这一点，大家都说解决了他们的问题。正好现在还有现货，要不我帮您试试效果？"', 6),
('followup',  '📱', '完美售后跟进模板',    '购机后跟进3步曲：\n第1天："[客户名]您好！手机到手了吗？有什么不会操作的地方欢迎问我😊"\n第7天："使用一周了，效果怎么样？有没有喜欢上这款手机？"\n第30天："上次买的手机用着还好吧？有朋友也在看手机吗？最近到了一批新品，有机会介绍给您的朋友哦！"', 7),
('followup',  '🎁', '裂变客户：让老客户带新客户', '满意的客户是最好的销售员。跟进要点：\n1. 主动问"您身边有没有朋友也在换手机？"\n2. 提供转介绍奖励："您介绍朋友来，朋友买到手机后，我给您申请一个精美保护壳"\n3. 朋友圈互动，时常点赞评论客户的动态\n4. 节假日发节日问候，不要在节假日直接推产品', 8);

-- ===== 测验题目 =====
INSERT INTO quiz_questions (question, options, correct_index, explanation, xp_reward) VALUES
('客户说"太贵了"时，最佳的第一反应是？',
 '["立刻打折","解释价格合理性","先表示理解，再引导价值","不理睬，继续推销"]',
 2, '先同理客户感受，再引导客户关注价值而非价格，是处理价格异议的黄金法则。', 20),

('以下哪种开场白最容易让客户产生好感？',
 '["我们这款手机很好！","您要买什么价位的？","您好，请问是自己用还是送人呢？","今天有活动哦！"]',
 2, '开放式问题让客户感到被尊重，同时帮助你了解客户需求，是最佳开场白策略。', 20),

('成交时最有效的提问方式是？',
 '["你买不买？","这个好不好？","你要128G还是256G？","价格可以吗？"]',
 2, '二选一问题把客户注意力从"买不买"转移到"买哪个"，成交率大幅提升。', 20),

('客户说"我再想想"时，你应该怎么做？',
 '["立刻答应等他回来","请他离开","微笑追问真实顾虑","主动联系其他客户"]',
 2, '"再想想"背后往往有未解决的顾虑，找出真实异议才能针对性解决，客户一旦离开回购率极低。', 20),

('哪种方式更容易拿到客户转介绍？',
 '["购机时主动要求","购机一个月后满意时再问","每次见面都问","发朋友圈广告"]',
 1, '客户体验好、信任建立后再提转介绍，成功率最高。时机和信任是关键。', 20);

-- ===== 学习路径 =====
INSERT INTO learning_paths (icon, title, subtitle, xp_reward, done, active, sort_order) VALUES
('🌟', '销售基础入门',   '了解手机销售基本流程',   50,  1, 0, 1),
('🎯', '需求挖掘技巧',   'SPIN提问法实战',          80,  1, 0, 2),
('📱', '产品知识精通',   '主流品牌核心卖点',        100, 0, 1, 3),
('🛡️', '异议处理专家',  '10大常见异议破解',        120, 0, 0, 4),
('🏆', '成交大师',       '12种成交技巧',            150, 0, 0, 5),
('👑', '客户关系管理',   '裂变客户与维系',          200, 0, 0, 6);

-- ===== 排行榜 =====
INSERT INTO leaderboard (user_id, period, sales_count, sales_amount, `rank`, trend) VALUES
(2, '2024-01', 52, 29800000, 1, 'up'),
(1, '2024-01', 38, 18600000, 2, 'neutral'),
(3, '2024-01', 35, 17500000, 3, 'up'),
(4, '2024-01', 30, 14200000, 4, 'down'),
(5, '2024-01', 28, 13500000, 5, 'up'),
(6, '2024-01', 25, 12000000, 6, 'down'),
(7, '2024-01', 22, 9800000,  7, 'neutral'),
(8, '2024-01', 18, 8600000,  8, 'down');
